{"cameraMode":{"drawMode":0,"name":"Shaded","section":"Shading Mode"},"sceneLighting":true,"audioPlay":false,"sceneViewState":{"m_AlwaysRefresh":false,"showFog":true,"showSkybox":true,"showFlares":true,"showImageEffects":true,"showParticleSystems":true,"showVisualEffectGraphs":true,"m_FxEnabled":true},"in2DMode":false,"pivot":{"x":0.5368169546127319,"y":0.014106439426541329,"z":0.5257723331451416},"rotation":{"x":0.044369131326675418,"y":0.02547183819115162,"z":-0.0011293364223092795,"w":0.998691201210022},"size":7.950508117675781,"orthographic":false}